OBJECTID,FIPS,COUNTY,TOPIC,YEAR,AGE_CAT,PERC_IMM,SUB_TOPIC,NAME
1,55001,Adams,Immunization,2013,By age 24 months,62.8,4:3:1:3:3:1:4 - Series of 7 Vaccines,Adams
2,55001,Adams,Immunization,2014,By age 24 months,63.9,4:3:1:3:3:1:4 - Series of 7 Vaccines,Adams
3,55001,Adams,Immunization,2015,By age 24 months,59.9,4:3:1:3:3:1:4 - Series of 7 Vaccines,Adams
4,55001,Adams,Immunization,2016,By age 24 months,63.5,4:3:1:3:3:1:4 - Series of 7 Vaccines,Adams
5,55001,Adams,Immunization,2017,By age 24 months,60.8,4:3:1:3:3:1:4 - Series of 7 Vaccines,Adams
6,55001,Adams,Immunization,2018,By age 24 months,64.7,4:3:1:3:3:1:4 - Series of 7 Vaccines,Adams
7,55001,Adams,Immunization,2019,By age 24 months,68,4:3:1:3:3:1:4 - Series of 7 Vaccines,Adams
159,55003,Ashland,Immunization,2013,By age 24 months,65.5,4:3:1:3:3:1:4 - Series of 7 Vaccines,Ashland
160,55003,Ashland,Immunization,2014,By age 24 months,57.1,4:3:1:3:3:1:4 - Series of 7 Vaccines,Ashland
161,55003,Ashland,Immunization,2015,By age 24 months,64.7,4:3:1:3:3:1:4 - Series of 7 Vaccines,Ashland
162,55003,Ashland,Immunization,2016,By age 24 months,69.5,4:3:1:3:3:1:4 - Series of 7 Vaccines,Ashland
163,55003,Ashland,Immunization,2017,By age 24 months,67,4:3:1:3:3:1:4 - Series of 7 Vaccines,Ashland
164,55003,Ashland,Immunization,2018,By age 24 months,71.7,4:3:1:3:3:1:4 - Series of 7 Vaccines,Ashland
165,55003,Ashland,Immunization,2019,By age 24 months,67.8,4:3:1:3:3:1:4 - Series of 7 Vaccines,Ashland
317,55005,Barron,Immunization,2013,By age 24 months,71.5,4:3:1:3:3:1:4 - Series of 7 Vaccines,Barron
318,55005,Barron,Immunization,2014,By age 24 months,71.6,4:3:1:3:3:1:4 - Series of 7 Vaccines,Barron
319,55005,Barron,Immunization,2015,By age 24 months,70,4:3:1:3:3:1:4 - Series of 7 Vaccines,Barron
320,55005,Barron,Immunization,2016,By age 24 months,69.7,4:3:1:3:3:1:4 - Series of 7 Vaccines,Barron
321,55005,Barron,Immunization,2017,By age 24 months,67.5,4:3:1:3:3:1:4 - Series of 7 Vaccines,Barron
322,55005,Barron,Immunization,2018,By age 24 months,64.3,4:3:1:3:3:1:4 - Series of 7 Vaccines,Barron
323,55005,Barron,Immunization,2019,By age 24 months,65,4:3:1:3:3:1:4 - Series of 7 Vaccines,Barron
475,55007,Bayfield,Immunization,2013,By age 24 months,64.8,4:3:1:3:3:1:4 - Series of 7 Vaccines,Bayfield
476,55007,Bayfield,Immunization,2014,By age 24 months,53.4,4:3:1:3:3:1:4 - Series of 7 Vaccines,Bayfield
477,55007,Bayfield,Immunization,2015,By age 24 months,65.9,4:3:1:3:3:1:4 - Series of 7 Vaccines,Bayfield
478,55007,Bayfield,Immunization,2016,By age 24 months,65.2,4:3:1:3:3:1:4 - Series of 7 Vaccines,Bayfield
479,55007,Bayfield,Immunization,2017,By age 24 months,63.5,4:3:1:3:3:1:4 - Series of 7 Vaccines,Bayfield
480,55007,Bayfield,Immunization,2018,By age 24 months,66,4:3:1:3:3:1:4 - Series of 7 Vaccines,Bayfield
481,55007,Bayfield,Immunization,2019,By age 24 months,68.8,4:3:1:3:3:1:4 - Series of 7 Vaccines,Bayfield
633,55009,Brown,Immunization,2013,By age 24 months,74.6,4:3:1:3:3:1:4 - Series of 7 Vaccines,Brown
634,55009,Brown,Immunization,2014,By age 24 months,74.3,4:3:1:3:3:1:4 - Series of 7 Vaccines,Brown
635,55009,Brown,Immunization,2015,By age 24 months,77,4:3:1:3:3:1:4 - Series of 7 Vaccines,Brown
636,55009,Brown,Immunization,2016,By age 24 months,79.8,4:3:1:3:3:1:4 - Series of 7 Vaccines,Brown
637,55009,Brown,Immunization,2017,By age 24 months,81.9,4:3:1:3:3:1:4 - Series of 7 Vaccines,Brown
638,55009,Brown,Immunization,2018,By age 24 months,81.1,4:3:1:3:3:1:4 - Series of 7 Vaccines,Brown
639,55009,Brown,Immunization,2019,By age 24 months,79.4,4:3:1:3:3:1:4 - Series of 7 Vaccines,Brown
791,55011,Buffalo,Immunization,2013,By age 24 months,69.4,4:3:1:3:3:1:4 - Series of 7 Vaccines,Buffalo
792,55011,Buffalo,Immunization,2014,By age 24 months,70.1,4:3:1:3:3:1:4 - Series of 7 Vaccines,Buffalo
793,55011,Buffalo,Immunization,2015,By age 24 months,62.8,4:3:1:3:3:1:4 - Series of 7 Vaccines,Buffalo
794,55011,Buffalo,Immunization,2016,By age 24 months,78.5,4:3:1:3:3:1:4 - Series of 7 Vaccines,Buffalo
795,55011,Buffalo,Immunization,2017,By age 24 months,63.9,4:3:1:3:3:1:4 - Series of 7 Vaccines,Buffalo
796,55011,Buffalo,Immunization,2018,By age 24 months,67.9,4:3:1:3:3:1:4 - Series of 7 Vaccines,Buffalo
797,55011,Buffalo,Immunization,2019,By age 24 months,69.2,4:3:1:3:3:1:4 - Series of 7 Vaccines,Buffalo
949,55013,Burnett,Immunization,2013,By age 24 months,62.1,4:3:1:3:3:1:4 - Series of 7 Vaccines,Burnett
950,55013,Burnett,Immunization,2014,By age 24 months,63.2,4:3:1:3:3:1:4 - Series of 7 Vaccines,Burnett
951,55013,Burnett,Immunization,2015,By age 24 months,55.9,4:3:1:3:3:1:4 - Series of 7 Vaccines,Burnett
952,55013,Burnett,Immunization,2016,By age 24 months,59.7,4:3:1:3:3:1:4 - Series of 7 Vaccines,Burnett
953,55013,Burnett,Immunization,2017,By age 24 months,65.4,4:3:1:3:3:1:4 - Series of 7 Vaccines,Burnett
954,55013,Burnett,Immunization,2018,By age 24 months,59.2,4:3:1:3:3:1:4 - Series of 7 Vaccines,Burnett
955,55013,Burnett,Immunization,2019,By age 24 months,66.4,4:3:1:3:3:1:4 - Series of 7 Vaccines,Burnett
1107,55015,Calumet,Immunization,2013,By age 24 months,82,4:3:1:3:3:1:4 - Series of 7 Vaccines,Calumet
1108,55015,Calumet,Immunization,2014,By age 24 months,80.8,4:3:1:3:3:1:4 - Series of 7 Vaccines,Calumet
1109,55015,Calumet,Immunization,2015,By age 24 months,81.6,4:3:1:3:3:1:4 - Series of 7 Vaccines,Calumet
1110,55015,Calumet,Immunization,2016,By age 24 months,84.9,4:3:1:3:3:1:4 - Series of 7 Vaccines,Calumet
1111,55015,Calumet,Immunization,2017,By age 24 months,82.3,4:3:1:3:3:1:4 - Series of 7 Vaccines,Calumet
1112,55015,Calumet,Immunization,2018,By age 24 months,81.9,4:3:1:3:3:1:4 - Series of 7 Vaccines,Calumet
1113,55015,Calumet,Immunization,2019,By age 24 months,83.1,4:3:1:3:3:1:4 - Series of 7 Vaccines,Calumet
1265,55017,Chippewa,Immunization,2013,By age 24 months,76.5,4:3:1:3:3:1:4 - Series of 7 Vaccines,Chippewa
1266,55017,Chippewa,Immunization,2014,By age 24 months,76.2,4:3:1:3:3:1:4 - Series of 7 Vaccines,Chippewa
1267,55017,Chippewa,Immunization,2015,By age 24 months,76.9,4:3:1:3:3:1:4 - Series of 7 Vaccines,Chippewa
1268,55017,Chippewa,Immunization,2016,By age 24 months,75.3,4:3:1:3:3:1:4 - Series of 7 Vaccines,Chippewa
1269,55017,Chippewa,Immunization,2017,By age 24 months,76.9,4:3:1:3:3:1:4 - Series of 7 Vaccines,Chippewa
1270,55017,Chippewa,Immunization,2018,By age 24 months,75.8,4:3:1:3:3:1:4 - Series of 7 Vaccines,Chippewa
1271,55017,Chippewa,Immunization,2019,By age 24 months,74.6,4:3:1:3:3:1:4 - Series of 7 Vaccines,Chippewa
1423,55019,Clark,Immunization,2013,By age 24 months,46,4:3:1:3:3:1:4 - Series of 7 Vaccines,Clark
1424,55019,Clark,Immunization,2014,By age 24 months,46.6,4:3:1:3:3:1:4 - Series of 7 Vaccines,Clark
1425,55019,Clark,Immunization,2015,By age 24 months,45.3,4:3:1:3:3:1:4 - Series of 7 Vaccines,Clark
1426,55019,Clark,Immunization,2016,By age 24 months,44,4:3:1:3:3:1:4 - Series of 7 Vaccines,Clark
1427,55019,Clark,Immunization,2017,By age 24 months,42.7,4:3:1:3:3:1:4 - Series of 7 Vaccines,Clark
1428,55019,Clark,Immunization,2018,By age 24 months,44.5,4:3:1:3:3:1:4 - Series of 7 Vaccines,Clark
1429,55019,Clark,Immunization,2019,By age 24 months,39,4:3:1:3:3:1:4 - Series of 7 Vaccines,Clark
1581,55021,Columbia,Immunization,2013,By age 24 months,73.1,4:3:1:3:3:1:4 - Series of 7 Vaccines,Columbia
1582,55021,Columbia,Immunization,2014,By age 24 months,74.3,4:3:1:3:3:1:4 - Series of 7 Vaccines,Columbia
1583,55021,Columbia,Immunization,2015,By age 24 months,74.7,4:3:1:3:3:1:4 - Series of 7 Vaccines,Columbia
1584,55021,Columbia,Immunization,2016,By age 24 months,72.4,4:3:1:3:3:1:4 - Series of 7 Vaccines,Columbia
1585,55021,Columbia,Immunization,2017,By age 24 months,72.9,4:3:1:3:3:1:4 - Series of 7 Vaccines,Columbia
1586,55021,Columbia,Immunization,2018,By age 24 months,71.2,4:3:1:3:3:1:4 - Series of 7 Vaccines,Columbia
1587,55021,Columbia,Immunization,2019,By age 24 months,74.3,4:3:1:3:3:1:4 - Series of 7 Vaccines,Columbia
1739,55023,Crawford,Immunization,2013,By age 24 months,63.7,4:3:1:3:3:1:4 - Series of 7 Vaccines,Crawford
1740,55023,Crawford,Immunization,2014,By age 24 months,59.4,4:3:1:3:3:1:4 - Series of 7 Vaccines,Crawford
1741,55023,Crawford,Immunization,2015,By age 24 months,66.7,4:3:1:3:3:1:4 - Series of 7 Vaccines,Crawford
1742,55023,Crawford,Immunization,2016,By age 24 months,68.3,4:3:1:3:3:1:4 - Series of 7 Vaccines,Crawford
1743,55023,Crawford,Immunization,2017,By age 24 months,66,4:3:1:3:3:1:4 - Series of 7 Vaccines,Crawford
1744,55023,Crawford,Immunization,2018,By age 24 months,56.8,4:3:1:3:3:1:4 - Series of 7 Vaccines,Crawford
1745,55023,Crawford,Immunization,2019,By age 24 months,53.9,4:3:1:3:3:1:4 - Series of 7 Vaccines,Crawford
1897,55025,Dane,Immunization,2013,By age 24 months,74,4:3:1:3:3:1:4 - Series of 7 Vaccines,Dane
1898,55025,Dane,Immunization,2014,By age 24 months,74.8,4:3:1:3:3:1:4 - Series of 7 Vaccines,Dane
1899,55025,Dane,Immunization,2015,By age 24 months,75.5,4:3:1:3:3:1:4 - Series of 7 Vaccines,Dane
1900,55025,Dane,Immunization,2016,By age 24 months,76.8,4:3:1:3:3:1:4 - Series of 7 Vaccines,Dane
1901,55025,Dane,Immunization,2017,By age 24 months,77.5,4:3:1:3:3:1:4 - Series of 7 Vaccines,Dane
1902,55025,Dane,Immunization,2018,By age 24 months,78.2,4:3:1:3:3:1:4 - Series of 7 Vaccines,Dane
1903,55025,Dane,Immunization,2019,By age 24 months,77.3,4:3:1:3:3:1:4 - Series of 7 Vaccines,Dane
2055,55027,Dodge,Immunization,2013,By age 24 months,71.5,4:3:1:3:3:1:4 - Series of 7 Vaccines,Dodge
2056,55027,Dodge,Immunization,2014,By age 24 months,63.3,4:3:1:3:3:1:4 - Series of 7 Vaccines,Dodge
2057,55027,Dodge,Immunization,2015,By age 24 months,68.2,4:3:1:3:3:1:4 - Series of 7 Vaccines,Dodge
2058,55027,Dodge,Immunization,2016,By age 24 months,67.5,4:3:1:3:3:1:4 - Series of 7 Vaccines,Dodge
2059,55027,Dodge,Immunization,2017,By age 24 months,69.2,4:3:1:3:3:1:4 - Series of 7 Vaccines,Dodge
2060,55027,Dodge,Immunization,2018,By age 24 months,69.4,4:3:1:3:3:1:4 - Series of 7 Vaccines,Dodge
2061,55027,Dodge,Immunization,2019,By age 24 months,69.8,4:3:1:3:3:1:4 - Series of 7 Vaccines,Dodge
2213,55029,Door,Immunization,2013,By age 24 months,82.6,4:3:1:3:3:1:4 - Series of 7 Vaccines,Door
2214,55029,Door,Immunization,2014,By age 24 months,79,4:3:1:3:3:1:4 - Series of 7 Vaccines,Door
2215,55029,Door,Immunization,2015,By age 24 months,72.2,4:3:1:3:3:1:4 - Series of 7 Vaccines,Door
2216,55029,Door,Immunization,2016,By age 24 months,81,4:3:1:3:3:1:4 - Series of 7 Vaccines,Door
2217,55029,Door,Immunization,2017,By age 24 months,77.1,4:3:1:3:3:1:4 - Series of 7 Vaccines,Door
2218,55029,Door,Immunization,2018,By age 24 months,75,4:3:1:3:3:1:4 - Series of 7 Vaccines,Door
2219,55029,Door,Immunization,2019,By age 24 months,73,4:3:1:3:3:1:4 - Series of 7 Vaccines,Door
2371,55031,Douglas,Immunization,2013,By age 24 months,63,4:3:1:3:3:1:4 - Series of 7 Vaccines,Douglas
2372,55031,Douglas,Immunization,2014,By age 24 months,61.8,4:3:1:3:3:1:4 - Series of 7 Vaccines,Douglas
2373,55031,Douglas,Immunization,2015,By age 24 months,71.3,4:3:1:3:3:1:4 - Series of 7 Vaccines,Douglas
2374,55031,Douglas,Immunization,2016,By age 24 months,71.3,4:3:1:3:3:1:4 - Series of 7 Vaccines,Douglas
2375,55031,Douglas,Immunization,2017,By age 24 months,78.2,4:3:1:3:3:1:4 - Series of 7 Vaccines,Douglas
2376,55031,Douglas,Immunization,2018,By age 24 months,74.5,4:3:1:3:3:1:4 - Series of 7 Vaccines,Douglas
2377,55031,Douglas,Immunization,2019,By age 24 months,73.9,4:3:1:3:3:1:4 - Series of 7 Vaccines,Douglas
2529,55033,Dunn,Immunization,2013,By age 24 months,78.2,4:3:1:3:3:1:4 - Series of 7 Vaccines,Dunn
2530,55033,Dunn,Immunization,2014,By age 24 months,69.2,4:3:1:3:3:1:4 - Series of 7 Vaccines,Dunn
2531,55033,Dunn,Immunization,2015,By age 24 months,72.3,4:3:1:3:3:1:4 - Series of 7 Vaccines,Dunn
2532,55033,Dunn,Immunization,2016,By age 24 months,69.6,4:3:1:3:3:1:4 - Series of 7 Vaccines,Dunn
2533,55033,Dunn,Immunization,2017,By age 24 months,69,4:3:1:3:3:1:4 - Series of 7 Vaccines,Dunn
2534,55033,Dunn,Immunization,2018,By age 24 months,65.8,4:3:1:3:3:1:4 - Series of 7 Vaccines,Dunn
2535,55033,Dunn,Immunization,2019,By age 24 months,70.8,4:3:1:3:3:1:4 - Series of 7 Vaccines,Dunn
2687,55035,Eau Claire,Immunization,2013,By age 24 months,73.1,4:3:1:3:3:1:4 - Series of 7 Vaccines,Eau Claire
2688,55035,Eau Claire,Immunization,2014,By age 24 months,71.7,4:3:1:3:3:1:4 - Series of 7 Vaccines,Eau Claire
2689,55035,Eau Claire,Immunization,2015,By age 24 months,73.9,4:3:1:3:3:1:4 - Series of 7 Vaccines,Eau Claire
2690,55035,Eau Claire,Immunization,2016,By age 24 months,73.6,4:3:1:3:3:1:4 - Series of 7 Vaccines,Eau Claire
2691,55035,Eau Claire,Immunization,2017,By age 24 months,73.9,4:3:1:3:3:1:4 - Series of 7 Vaccines,Eau Claire
2692,55035,Eau Claire,Immunization,2018,By age 24 months,72.1,4:3:1:3:3:1:4 - Series of 7 Vaccines,Eau Claire
2693,55035,Eau Claire,Immunization,2019,By age 24 months,74.7,4:3:1:3:3:1:4 - Series of 7 Vaccines,Eau Claire
2845,55037,Florence,Immunization,2013,By age 24 months,71,4:3:1:3:3:1:4 - Series of 7 Vaccines,Florence
2846,55037,Florence,Immunization,2014,By age 24 months,59.1,4:3:1:3:3:1:4 - Series of 7 Vaccines,Florence
2847,55037,Florence,Immunization,2015,By age 24 months,81.8,4:3:1:3:3:1:4 - Series of 7 Vaccines,Florence
2848,55037,Florence,Immunization,2016,By age 24 months,60.6,4:3:1:3:3:1:4 - Series of 7 Vaccines,Florence
2849,55037,Florence,Immunization,2017,By age 24 months,74.2,4:3:1:3:3:1:4 - Series of 7 Vaccines,Florence
2850,55037,Florence,Immunization,2018,By age 24 months,59,4:3:1:3:3:1:4 - Series of 7 Vaccines,Florence
2851,55037,Florence,Immunization,2019,By age 24 months,75,4:3:1:3:3:1:4 - Series of 7 Vaccines,Florence
3003,55039,Fond du Lac,Immunization,2013,By age 24 months,71.4,4:3:1:3:3:1:4 - Series of 7 Vaccines,Fond du Lac
3004,55039,Fond du Lac,Immunization,2014,By age 24 months,67.7,4:3:1:3:3:1:4 - Series of 7 Vaccines,Fond du Lac
3005,55039,Fond du Lac,Immunization,2015,By age 24 months,70.7,4:3:1:3:3:1:4 - Series of 7 Vaccines,Fond du Lac
3006,55039,Fond du Lac,Immunization,2016,By age 24 months,73.9,4:3:1:3:3:1:4 - Series of 7 Vaccines,Fond du Lac
3007,55039,Fond du Lac,Immunization,2017,By age 24 months,74.7,4:3:1:3:3:1:4 - Series of 7 Vaccines,Fond du Lac
3008,55039,Fond du Lac,Immunization,2018,By age 24 months,74.3,4:3:1:3:3:1:4 - Series of 7 Vaccines,Fond du Lac
3009,55039,Fond du Lac,Immunization,2019,By age 24 months,71.9,4:3:1:3:3:1:4 - Series of 7 Vaccines,Fond du Lac
3161,55041,Forest,Immunization,2013,By age 24 months,78.9,4:3:1:3:3:1:4 - Series of 7 Vaccines,Forest
3162,55041,Forest,Immunization,2014,By age 24 months,72.6,4:3:1:3:3:1:4 - Series of 7 Vaccines,Forest
3163,55041,Forest,Immunization,2015,By age 24 months,77.7,4:3:1:3:3:1:4 - Series of 7 Vaccines,Forest
3164,55041,Forest,Immunization,2016,By age 24 months,76.5,4:3:1:3:3:1:4 - Series of 7 Vaccines,Forest
3165,55041,Forest,Immunization,2017,By age 24 months,75.6,4:3:1:3:3:1:4 - Series of 7 Vaccines,Forest
3166,55041,Forest,Immunization,2018,By age 24 months,56.3,4:3:1:3:3:1:4 - Series of 7 Vaccines,Forest
3167,55041,Forest,Immunization,2019,By age 24 months,66.7,4:3:1:3:3:1:4 - Series of 7 Vaccines,Forest
3319,55043,Grant,Immunization,2013,By age 24 months,57.6,4:3:1:3:3:1:4 - Series of 7 Vaccines,Grant
3320,55043,Grant,Immunization,2014,By age 24 months,55.1,4:3:1:3:3:1:4 - Series of 7 Vaccines,Grant
3321,55043,Grant,Immunization,2015,By age 24 months,59.6,4:3:1:3:3:1:4 - Series of 7 Vaccines,Grant
3322,55043,Grant,Immunization,2016,By age 24 months,58.7,4:3:1:3:3:1:4 - Series of 7 Vaccines,Grant
3323,55043,Grant,Immunization,2017,By age 24 months,55.5,4:3:1:3:3:1:4 - Series of 7 Vaccines,Grant
3324,55043,Grant,Immunization,2018,By age 24 months,52,4:3:1:3:3:1:4 - Series of 7 Vaccines,Grant
3325,55043,Grant,Immunization,2019,By age 24 months,55.7,4:3:1:3:3:1:4 - Series of 7 Vaccines,Grant
3477,55045,Green,Immunization,2013,By age 24 months,75.7,4:3:1:3:3:1:4 - Series of 7 Vaccines,Green
3478,55045,Green,Immunization,2014,By age 24 months,79.4,4:3:1:3:3:1:4 - Series of 7 Vaccines,Green
3479,55045,Green,Immunization,2015,By age 24 months,81.5,4:3:1:3:3:1:4 - Series of 7 Vaccines,Green
3480,55045,Green,Immunization,2016,By age 24 months,81.5,4:3:1:3:3:1:4 - Series of 7 Vaccines,Green
3481,55045,Green,Immunization,2017,By age 24 months,81.9,4:3:1:3:3:1:4 - Series of 7 Vaccines,Green
3482,55045,Green,Immunization,2018,By age 24 months,82.9,4:3:1:3:3:1:4 - Series of 7 Vaccines,Green
3483,55045,Green,Immunization,2019,By age 24 months,82.9,4:3:1:3:3:1:4 - Series of 7 Vaccines,Green
3635,55047,Green Lake,Immunization,2013,By age 24 months,68.2,4:3:1:3:3:1:4 - Series of 7 Vaccines,Green Lake
3636,55047,Green Lake,Immunization,2014,By age 24 months,66.8,4:3:1:3:3:1:4 - Series of 7 Vaccines,Green Lake
3637,55047,Green Lake,Immunization,2015,By age 24 months,68.2,4:3:1:3:3:1:4 - Series of 7 Vaccines,Green Lake
3638,55047,Green Lake,Immunization,2016,By age 24 months,64.8,4:3:1:3:3:1:4 - Series of 7 Vaccines,Green Lake
3639,55047,Green Lake,Immunization,2017,By age 24 months,74.3,4:3:1:3:3:1:4 - Series of 7 Vaccines,Green Lake
3640,55047,Green Lake,Immunization,2018,By age 24 months,66.5,4:3:1:3:3:1:4 - Series of 7 Vaccines,Green Lake
3641,55047,Green Lake,Immunization,2019,By age 24 months,68.9,4:3:1:3:3:1:4 - Series of 7 Vaccines,Green Lake
3793,55049,Iowa,Immunization,2013,By age 24 months,65.5,4:3:1:3:3:1:4 - Series of 7 Vaccines,Iowa
3794,55049,Iowa,Immunization,2014,By age 24 months,72.5,4:3:1:3:3:1:4 - Series of 7 Vaccines,Iowa
3795,55049,Iowa,Immunization,2015,By age 24 months,64.6,4:3:1:3:3:1:4 - Series of 7 Vaccines,Iowa
3796,55049,Iowa,Immunization,2016,By age 24 months,69.3,4:3:1:3:3:1:4 - Series of 7 Vaccines,Iowa
3797,55049,Iowa,Immunization,2017,By age 24 months,72.4,4:3:1:3:3:1:4 - Series of 7 Vaccines,Iowa
3798,55049,Iowa,Immunization,2018,By age 24 months,66.6,4:3:1:3:3:1:4 - Series of 7 Vaccines,Iowa
3799,55049,Iowa,Immunization,2019,By age 24 months,69.6,4:3:1:3:3:1:4 - Series of 7 Vaccines,Iowa
3951,55051,Iron,Immunization,2013,By age 24 months,84.4,4:3:1:3:3:1:4 - Series of 7 Vaccines,Iron
3952,55051,Iron,Immunization,2014,By age 24 months,66.7,4:3:1:3:3:1:4 - Series of 7 Vaccines,Iron
3953,55051,Iron,Immunization,2015,By age 24 months,75,4:3:1:3:3:1:4 - Series of 7 Vaccines,Iron
3954,55051,Iron,Immunization,2016,By age 24 months,80.6,4:3:1:3:3:1:4 - Series of 7 Vaccines,Iron
3955,55051,Iron,Immunization,2017,By age 24 months,65.7,4:3:1:3:3:1:4 - Series of 7 Vaccines,Iron
3956,55051,Iron,Immunization,2018,By age 24 months,64.4,4:3:1:3:3:1:4 - Series of 7 Vaccines,Iron
3957,55051,Iron,Immunization,2019,By age 24 months,70.8,4:3:1:3:3:1:4 - Series of 7 Vaccines,Iron
4109,55053,Jackson,Immunization,2013,By age 24 months,56.9,4:3:1:3:3:1:4 - Series of 7 Vaccines,Jackson
4110,55053,Jackson,Immunization,2014,By age 24 months,61,4:3:1:3:3:1:4 - Series of 7 Vaccines,Jackson
4111,55053,Jackson,Immunization,2015,By age 24 months,56.8,4:3:1:3:3:1:4 - Series of 7 Vaccines,Jackson
4112,55053,Jackson,Immunization,2016,By age 24 months,59.6,4:3:1:3:3:1:4 - Series of 7 Vaccines,Jackson
4113,55053,Jackson,Immunization,2017,By age 24 months,63.5,4:3:1:3:3:1:4 - Series of 7 Vaccines,Jackson
4114,55053,Jackson,Immunization,2018,By age 24 months,65.6,4:3:1:3:3:1:4 - Series of 7 Vaccines,Jackson
4115,55053,Jackson,Immunization,2019,By age 24 months,62.1,4:3:1:3:3:1:4 - Series of 7 Vaccines,Jackson
4267,55055,Jefferson,Immunization,2013,By age 24 months,79.3,4:3:1:3:3:1:4 - Series of 7 Vaccines,Jefferson
4268,55055,Jefferson,Immunization,2014,By age 24 months,76.5,4:3:1:3:3:1:4 - Series of 7 Vaccines,Jefferson
4269,55055,Jefferson,Immunization,2015,By age 24 months,74.7,4:3:1:3:3:1:4 - Series of 7 Vaccines,Jefferson
4270,55055,Jefferson,Immunization,2016,By age 24 months,72.5,4:3:1:3:3:1:4 - Series of 7 Vaccines,Jefferson
4271,55055,Jefferson,Immunization,2017,By age 24 months,76.2,4:3:1:3:3:1:4 - Series of 7 Vaccines,Jefferson
4272,55055,Jefferson,Immunization,2018,By age 24 months,75.2,4:3:1:3:3:1:4 - Series of 7 Vaccines,Jefferson
4273,55055,Jefferson,Immunization,2019,By age 24 months,73.8,4:3:1:3:3:1:4 - Series of 7 Vaccines,Jefferson
4425,55057,Juneau,Immunization,2013,By age 24 months,78.2,4:3:1:3:3:1:4 - Series of 7 Vaccines,Juneau
4426,55057,Juneau,Immunization,2014,By age 24 months,71.2,4:3:1:3:3:1:4 - Series of 7 Vaccines,Juneau
4427,55057,Juneau,Immunization,2015,By age 24 months,70.5,4:3:1:3:3:1:4 - Series of 7 Vaccines,Juneau
4428,55057,Juneau,Immunization,2016,By age 24 months,70.2,4:3:1:3:3:1:4 - Series of 7 Vaccines,Juneau
4429,55057,Juneau,Immunization,2017,By age 24 months,69,4:3:1:3:3:1:4 - Series of 7 Vaccines,Juneau
4430,55057,Juneau,Immunization,2018,By age 24 months,66,4:3:1:3:3:1:4 - Series of 7 Vaccines,Juneau
4431,55057,Juneau,Immunization,2019,By age 24 months,67.7,4:3:1:3:3:1:4 - Series of 7 Vaccines,Juneau
4583,55059,Kenosha,Immunization,2013,By age 24 months,64.4,4:3:1:3:3:1:4 - Series of 7 Vaccines,Kenosha
4584,55059,Kenosha,Immunization,2014,By age 24 months,65.2,4:3:1:3:3:1:4 - Series of 7 Vaccines,Kenosha
4585,55059,Kenosha,Immunization,2015,By age 24 months,67.2,4:3:1:3:3:1:4 - Series of 7 Vaccines,Kenosha
4586,55059,Kenosha,Immunization,2016,By age 24 months,69.3,4:3:1:3:3:1:4 - Series of 7 Vaccines,Kenosha
4587,55059,Kenosha,Immunization,2017,By age 24 months,68,4:3:1:3:3:1:4 - Series of 7 Vaccines,Kenosha
4588,55059,Kenosha,Immunization,2018,By age 24 months,67.3,4:3:1:3:3:1:4 - Series of 7 Vaccines,Kenosha
4589,55059,Kenosha,Immunization,2019,By age 24 months,67.4,4:3:1:3:3:1:4 - Series of 7 Vaccines,Kenosha
4741,55061,Kewaunee,Immunization,2013,By age 24 months,77.9,4:3:1:3:3:1:4 - Series of 7 Vaccines,Kewaunee
4742,55061,Kewaunee,Immunization,2014,By age 24 months,79.2,4:3:1:3:3:1:4 - Series of 7 Vaccines,Kewaunee
4743,55061,Kewaunee,Immunization,2015,By age 24 months,80.8,4:3:1:3:3:1:4 - Series of 7 Vaccines,Kewaunee
4744,55061,Kewaunee,Immunization,2016,By age 24 months,80.4,4:3:1:3:3:1:4 - Series of 7 Vaccines,Kewaunee
4745,55061,Kewaunee,Immunization,2017,By age 24 months,77,4:3:1:3:3:1:4 - Series of 7 Vaccines,Kewaunee
4746,55061,Kewaunee,Immunization,2018,By age 24 months,78.2,4:3:1:3:3:1:4 - Series of 7 Vaccines,Kewaunee
4747,55061,Kewaunee,Immunization,2019,By age 24 months,80,4:3:1:3:3:1:4 - Series of 7 Vaccines,Kewaunee
4899,55063,La Crosse,Immunization,2013,By age 24 months,79.2,4:3:1:3:3:1:4 - Series of 7 Vaccines,La Crosse
4900,55063,La Crosse,Immunization,2014,By age 24 months,79.4,4:3:1:3:3:1:4 - Series of 7 Vaccines,La Crosse
4901,55063,La Crosse,Immunization,2015,By age 24 months,79,4:3:1:3:3:1:4 - Series of 7 Vaccines,La Crosse
4902,55063,La Crosse,Immunization,2016,By age 24 months,78.2,4:3:1:3:3:1:4 - Series of 7 Vaccines,La Crosse
4903,55063,La Crosse,Immunization,2017,By age 24 months,78,4:3:1:3:3:1:4 - Series of 7 Vaccines,La Crosse
4904,55063,La Crosse,Immunization,2018,By age 24 months,77.7,4:3:1:3:3:1:4 - Series of 7 Vaccines,La Crosse
4905,55063,La Crosse,Immunization,2019,By age 24 months,78.9,4:3:1:3:3:1:4 - Series of 7 Vaccines,La Crosse
5057,55065,Lafayette,Immunization,2013,By age 24 months,53.5,4:3:1:3:3:1:4 - Series of 7 Vaccines,Lafayette
5058,55065,Lafayette,Immunization,2014,By age 24 months,59,4:3:1:3:3:1:4 - Series of 7 Vaccines,Lafayette
5059,55065,Lafayette,Immunization,2015,By age 24 months,61,4:3:1:3:3:1:4 - Series of 7 Vaccines,Lafayette
5060,55065,Lafayette,Immunization,2016,By age 24 months,58.7,4:3:1:3:3:1:4 - Series of 7 Vaccines,Lafayette
5061,55065,Lafayette,Immunization,2017,By age 24 months,52.9,4:3:1:3:3:1:4 - Series of 7 Vaccines,Lafayette
5062,55065,Lafayette,Immunization,2018,By age 24 months,52.7,4:3:1:3:3:1:4 - Series of 7 Vaccines,Lafayette
5063,55065,Lafayette,Immunization,2019,By age 24 months,60.1,4:3:1:3:3:1:4 - Series of 7 Vaccines,Lafayette
5215,55067,Langlade,Immunization,2013,By age 24 months,71.3,4:3:1:3:3:1:4 - Series of 7 Vaccines,Langlade
5216,55067,Langlade,Immunization,2014,By age 24 months,77.3,4:3:1:3:3:1:4 - Series of 7 Vaccines,Langlade
5217,55067,Langlade,Immunization,2015,By age 24 months,68.8,4:3:1:3:3:1:4 - Series of 7 Vaccines,Langlade
5218,55067,Langlade,Immunization,2016,By age 24 months,68.5,4:3:1:3:3:1:4 - Series of 7 Vaccines,Langlade
5219,55067,Langlade,Immunization,2017,By age 24 months,61.2,4:3:1:3:3:1:4 - Series of 7 Vaccines,Langlade
5220,55067,Langlade,Immunization,2018,By age 24 months,62.6,4:3:1:3:3:1:4 - Series of 7 Vaccines,Langlade
5221,55067,Langlade,Immunization,2019,By age 24 months,63.1,4:3:1:3:3:1:4 - Series of 7 Vaccines,Langlade
5373,55069,Lincoln,Immunization,2013,By age 24 months,79.5,4:3:1:3:3:1:4 - Series of 7 Vaccines,Lincoln
5374,55069,Lincoln,Immunization,2014,By age 24 months,72.5,4:3:1:3:3:1:4 - Series of 7 Vaccines,Lincoln
5375,55069,Lincoln,Immunization,2015,By age 24 months,70.7,4:3:1:3:3:1:4 - Series of 7 Vaccines,Lincoln
5376,55069,Lincoln,Immunization,2016,By age 24 months,74.8,4:3:1:3:3:1:4 - Series of 7 Vaccines,Lincoln
5377,55069,Lincoln,Immunization,2017,By age 24 months,74,4:3:1:3:3:1:4 - Series of 7 Vaccines,Lincoln
5378,55069,Lincoln,Immunization,2018,By age 24 months,78.7,4:3:1:3:3:1:4 - Series of 7 Vaccines,Lincoln
5379,55069,Lincoln,Immunization,2019,By age 24 months,68.1,4:3:1:3:3:1:4 - Series of 7 Vaccines,Lincoln
5531,55071,Manitowoc,Immunization,2013,By age 24 months,83.3,4:3:1:3:3:1:4 - Series of 7 Vaccines,Manitowoc
5532,55071,Manitowoc,Immunization,2014,By age 24 months,80.4,4:3:1:3:3:1:4 - Series of 7 Vaccines,Manitowoc
5533,55071,Manitowoc,Immunization,2015,By age 24 months,79.6,4:3:1:3:3:1:4 - Series of 7 Vaccines,Manitowoc
5534,55071,Manitowoc,Immunization,2016,By age 24 months,81.7,4:3:1:3:3:1:4 - Series of 7 Vaccines,Manitowoc
5535,55071,Manitowoc,Immunization,2017,By age 24 months,81,4:3:1:3:3:1:4 - Series of 7 Vaccines,Manitowoc
5536,55071,Manitowoc,Immunization,2018,By age 24 months,81.2,4:3:1:3:3:1:4 - Series of 7 Vaccines,Manitowoc
5537,55071,Manitowoc,Immunization,2019,By age 24 months,78.7,4:3:1:3:3:1:4 - Series of 7 Vaccines,Manitowoc
5689,55073,Marathon,Immunization,2013,By age 24 months,77.8,4:3:1:3:3:1:4 - Series of 7 Vaccines,Marathon
5690,55073,Marathon,Immunization,2014,By age 24 months,79.8,4:3:1:3:3:1:4 - Series of 7 Vaccines,Marathon
5691,55073,Marathon,Immunization,2015,By age 24 months,76.8,4:3:1:3:3:1:4 - Series of 7 Vaccines,Marathon
5692,55073,Marathon,Immunization,2016,By age 24 months,78,4:3:1:3:3:1:4 - Series of 7 Vaccines,Marathon
5693,55073,Marathon,Immunization,2017,By age 24 months,76.9,4:3:1:3:3:1:4 - Series of 7 Vaccines,Marathon
5694,55073,Marathon,Immunization,2018,By age 24 months,78.4,4:3:1:3:3:1:4 - Series of 7 Vaccines,Marathon
5695,55073,Marathon,Immunization,2019,By age 24 months,78.3,4:3:1:3:3:1:4 - Series of 7 Vaccines,Marathon
5847,55075,Marinette,Immunization,2013,By age 24 months,74,4:3:1:3:3:1:4 - Series of 7 Vaccines,Marinette
5848,55075,Marinette,Immunization,2014,By age 24 months,67.6,4:3:1:3:3:1:4 - Series of 7 Vaccines,Marinette
5849,55075,Marinette,Immunization,2015,By age 24 months,74.2,4:3:1:3:3:1:4 - Series of 7 Vaccines,Marinette
5850,55075,Marinette,Immunization,2016,By age 24 months,69.2,4:3:1:3:3:1:4 - Series of 7 Vaccines,Marinette
5851,55075,Marinette,Immunization,2017,By age 24 months,75.5,4:3:1:3:3:1:4 - Series of 7 Vaccines,Marinette
5852,55075,Marinette,Immunization,2018,By age 24 months,76,4:3:1:3:3:1:4 - Series of 7 Vaccines,Marinette
5853,55075,Marinette,Immunization,2019,By age 24 months,73.9,4:3:1:3:3:1:4 - Series of 7 Vaccines,Marinette
6005,55077,Marquette,Immunization,2013,By age 24 months,73.7,4:3:1:3:3:1:4 - Series of 7 Vaccines,Marquette
6006,55077,Marquette,Immunization,2014,By age 24 months,73.5,4:3:1:3:3:1:4 - Series of 7 Vaccines,Marquette
6007,55077,Marquette,Immunization,2015,By age 24 months,66.3,4:3:1:3:3:1:4 - Series of 7 Vaccines,Marquette
6008,55077,Marquette,Immunization,2016,By age 24 months,72.8,4:3:1:3:3:1:4 - Series of 7 Vaccines,Marquette
6009,55077,Marquette,Immunization,2017,By age 24 months,65.8,4:3:1:3:3:1:4 - Series of 7 Vaccines,Marquette
6010,55077,Marquette,Immunization,2018,By age 24 months,58.1,4:3:1:3:3:1:4 - Series of 7 Vaccines,Marquette
6011,55077,Marquette,Immunization,2019,By age 24 months,62,4:3:1:3:3:1:4 - Series of 7 Vaccines,Marquette
6163,55078,Menominee,Immunization,2013,By age 24 months,63.8,4:3:1:3:3:1:4 - Series of 7 Vaccines,Menominee
6164,55078,Menominee,Immunization,2014,By age 24 months,63.6,4:3:1:3:3:1:4 - Series of 7 Vaccines,Menominee
6165,55078,Menominee,Immunization,2015,By age 24 months,65.9,4:3:1:3:3:1:4 - Series of 7 Vaccines,Menominee
6166,55078,Menominee,Immunization,2016,By age 24 months,63.9,4:3:1:3:3:1:4 - Series of 7 Vaccines,Menominee
6167,55078,Menominee,Immunization,2017,By age 24 months,57.5,4:3:1:3:3:1:4 - Series of 7 Vaccines,Menominee
6168,55078,Menominee,Immunization,2018,By age 24 months,62.7,4:3:1:3:3:1:4 - Series of 7 Vaccines,Menominee
6169,55078,Menominee,Immunization,2019,By age 24 months,58.5,4:3:1:3:3:1:4 - Series of 7 Vaccines,Menominee
6321,55079,Milwaukee,Immunization,2013,By age 24 months,63.5,4:3:1:3:3:1:4 - Series of 7 Vaccines,Milwaukee
6322,55079,Milwaukee,Immunization,2014,By age 24 months,65.8,4:3:1:3:3:1:4 - Series of 7 Vaccines,Milwaukee
6323,55079,Milwaukee,Immunization,2015,By age 24 months,66.8,4:3:1:3:3:1:4 - Series of 7 Vaccines,Milwaukee
6324,55079,Milwaukee,Immunization,2016,By age 24 months,69.4,4:3:1:3:3:1:4 - Series of 7 Vaccines,Milwaukee
6325,55079,Milwaukee,Immunization,2017,By age 24 months,70.1,4:3:1:3:3:1:4 - Series of 7 Vaccines,Milwaukee
6326,55079,Milwaukee,Immunization,2018,By age 24 months,67.5,4:3:1:3:3:1:4 - Series of 7 Vaccines,Milwaukee
6327,55079,Milwaukee,Immunization,2019,By age 24 months,67.5,4:3:1:3:3:1:4 - Series of 7 Vaccines,Milwaukee
6479,55081,Monroe,Immunization,2013,By age 24 months,71.2,4:3:1:3:3:1:4 - Series of 7 Vaccines,Monroe
6480,55081,Monroe,Immunization,2014,By age 24 months,67.8,4:3:1:3:3:1:4 - Series of 7 Vaccines,Monroe
6481,55081,Monroe,Immunization,2015,By age 24 months,68.4,4:3:1:3:3:1:4 - Series of 7 Vaccines,Monroe
6482,55081,Monroe,Immunization,2016,By age 24 months,68.7,4:3:1:3:3:1:4 - Series of 7 Vaccines,Monroe
6483,55081,Monroe,Immunization,2017,By age 24 months,67,4:3:1:3:3:1:4 - Series of 7 Vaccines,Monroe
6484,55081,Monroe,Immunization,2018,By age 24 months,62.1,4:3:1:3:3:1:4 - Series of 7 Vaccines,Monroe
6485,55081,Monroe,Immunization,2019,By age 24 months,60.5,4:3:1:3:3:1:4 - Series of 7 Vaccines,Monroe
6637,55083,Oconto,Immunization,2013,By age 24 months,72.9,4:3:1:3:3:1:4 - Series of 7 Vaccines,Oconto
6638,55083,Oconto,Immunization,2014,By age 24 months,73.2,4:3:1:3:3:1:4 - Series of 7 Vaccines,Oconto
6639,55083,Oconto,Immunization,2015,By age 24 months,75,4:3:1:3:3:1:4 - Series of 7 Vaccines,Oconto
6640,55083,Oconto,Immunization,2016,By age 24 months,75.1,4:3:1:3:3:1:4 - Series of 7 Vaccines,Oconto
6641,55083,Oconto,Immunization,2017,By age 24 months,77.7,4:3:1:3:3:1:4 - Series of 7 Vaccines,Oconto
6642,55083,Oconto,Immunization,2018,By age 24 months,77,4:3:1:3:3:1:4 - Series of 7 Vaccines,Oconto
6643,55083,Oconto,Immunization,2019,By age 24 months,77.2,4:3:1:3:3:1:4 - Series of 7 Vaccines,Oconto
6795,55085,Oneida,Immunization,2013,By age 24 months,78.2,4:3:1:3:3:1:4 - Series of 7 Vaccines,Oneida
6796,55085,Oneida,Immunization,2014,By age 24 months,73.7,4:3:1:3:3:1:4 - Series of 7 Vaccines,Oneida
6797,55085,Oneida,Immunization,2015,By age 24 months,71,4:3:1:3:3:1:4 - Series of 7 Vaccines,Oneida
6798,55085,Oneida,Immunization,2016,By age 24 months,70.9,4:3:1:3:3:1:4 - Series of 7 Vaccines,Oneida
6799,55085,Oneida,Immunization,2017,By age 24 months,75.2,4:3:1:3:3:1:4 - Series of 7 Vaccines,Oneida
6800,55085,Oneida,Immunization,2018,By age 24 months,71.6,4:3:1:3:3:1:4 - Series of 7 Vaccines,Oneida
6801,55085,Oneida,Immunization,2019,By age 24 months,67.5,4:3:1:3:3:1:4 - Series of 7 Vaccines,Oneida
6953,55087,Outagamie,Immunization,2013,By age 24 months,80.6,4:3:1:3:3:1:4 - Series of 7 Vaccines,Outagamie
6954,55087,Outagamie,Immunization,2014,By age 24 months,79.9,4:3:1:3:3:1:4 - Series of 7 Vaccines,Outagamie
6955,55087,Outagamie,Immunization,2015,By age 24 months,81.1,4:3:1:3:3:1:4 - Series of 7 Vaccines,Outagamie
6956,55087,Outagamie,Immunization,2016,By age 24 months,81.1,4:3:1:3:3:1:4 - Series of 7 Vaccines,Outagamie
6957,55087,Outagamie,Immunization,2017,By age 24 months,80.4,4:3:1:3:3:1:4 - Series of 7 Vaccines,Outagamie
6958,55087,Outagamie,Immunization,2018,By age 24 months,79.7,4:3:1:3:3:1:4 - Series of 7 Vaccines,Outagamie
6959,55087,Outagamie,Immunization,2019,By age 24 months,78.2,4:3:1:3:3:1:4 - Series of 7 Vaccines,Outagamie
7111,55089,Ozaukee,Immunization,2013,By age 24 months,64.7,4:3:1:3:3:1:4 - Series of 7 Vaccines,Ozaukee
7112,55089,Ozaukee,Immunization,2014,By age 24 months,71.2,4:3:1:3:3:1:4 - Series of 7 Vaccines,Ozaukee
7113,55089,Ozaukee,Immunization,2015,By age 24 months,69.9,4:3:1:3:3:1:4 - Series of 7 Vaccines,Ozaukee
7114,55089,Ozaukee,Immunization,2016,By age 24 months,73.6,4:3:1:3:3:1:4 - Series of 7 Vaccines,Ozaukee
7115,55089,Ozaukee,Immunization,2017,By age 24 months,78.3,4:3:1:3:3:1:4 - Series of 7 Vaccines,Ozaukee
7116,55089,Ozaukee,Immunization,2018,By age 24 months,78.6,4:3:1:3:3:1:4 - Series of 7 Vaccines,Ozaukee
7117,55089,Ozaukee,Immunization,2019,By age 24 months,79.8,4:3:1:3:3:1:4 - Series of 7 Vaccines,Ozaukee
7269,55091,Pepin,Immunization,2013,By age 24 months,76.7,4:3:1:3:3:1:4 - Series of 7 Vaccines,Pepin
7270,55091,Pepin,Immunization,2014,By age 24 months,66.3,4:3:1:3:3:1:4 - Series of 7 Vaccines,Pepin
7271,55091,Pepin,Immunization,2015,By age 24 months,71.6,4:3:1:3:3:1:4 - Series of 7 Vaccines,Pepin
7272,55091,Pepin,Immunization,2016,By age 24 months,63.9,4:3:1:3:3:1:4 - Series of 7 Vaccines,Pepin
7273,55091,Pepin,Immunization,2017,By age 24 months,62.8,4:3:1:3:3:1:4 - Series of 7 Vaccines,Pepin
7274,55091,Pepin,Immunization,2018,By age 24 months,72.6,4:3:1:3:3:1:4 - Series of 7 Vaccines,Pepin
7275,55091,Pepin,Immunization,2019,By age 24 months,65.8,4:3:1:3:3:1:4 - Series of 7 Vaccines,Pepin
7427,55093,Pierce,Immunization,2013,By age 24 months,62,4:3:1:3:3:1:4 - Series of 7 Vaccines,Pierce
7428,55093,Pierce,Immunization,2014,By age 24 months,66.7,4:3:1:3:3:1:4 - Series of 7 Vaccines,Pierce
7429,55093,Pierce,Immunization,2015,By age 24 months,63.6,4:3:1:3:3:1:4 - Series of 7 Vaccines,Pierce
7430,55093,Pierce,Immunization,2016,By age 24 months,71.7,4:3:1:3:3:1:4 - Series of 7 Vaccines,Pierce
7431,55093,Pierce,Immunization,2017,By age 24 months,74.2,4:3:1:3:3:1:4 - Series of 7 Vaccines,Pierce
7432,55093,Pierce,Immunization,2018,By age 24 months,72.4,4:3:1:3:3:1:4 - Series of 7 Vaccines,Pierce
7433,55093,Pierce,Immunization,2019,By age 24 months,69.6,4:3:1:3:3:1:4 - Series of 7 Vaccines,Pierce
7585,55095,Polk,Immunization,2013,By age 24 months,57.2,4:3:1:3:3:1:4 - Series of 7 Vaccines,Polk
7586,55095,Polk,Immunization,2014,By age 24 months,59.5,4:3:1:3:3:1:4 - Series of 7 Vaccines,Polk
7587,55095,Polk,Immunization,2015,By age 24 months,59.4,4:3:1:3:3:1:4 - Series of 7 Vaccines,Polk
7588,55095,Polk,Immunization,2016,By age 24 months,58.6,4:3:1:3:3:1:4 - Series of 7 Vaccines,Polk
7589,55095,Polk,Immunization,2017,By age 24 months,64.7,4:3:1:3:3:1:4 - Series of 7 Vaccines,Polk
7590,55095,Polk,Immunization,2018,By age 24 months,60.3,4:3:1:3:3:1:4 - Series of 7 Vaccines,Polk
7591,55095,Polk,Immunization,2019,By age 24 months,63.3,4:3:1:3:3:1:4 - Series of 7 Vaccines,Polk
7743,55097,Portage,Immunization,2013,By age 24 months,77.1,4:3:1:3:3:1:4 - Series of 7 Vaccines,Portage
7744,55097,Portage,Immunization,2014,By age 24 months,75.8,4:3:1:3:3:1:4 - Series of 7 Vaccines,Portage
7745,55097,Portage,Immunization,2015,By age 24 months,72.5,4:3:1:3:3:1:4 - Series of 7 Vaccines,Portage
7746,55097,Portage,Immunization,2016,By age 24 months,72.3,4:3:1:3:3:1:4 - Series of 7 Vaccines,Portage
7747,55097,Portage,Immunization,2017,By age 24 months,73.5,4:3:1:3:3:1:4 - Series of 7 Vaccines,Portage
7748,55097,Portage,Immunization,2018,By age 24 months,69.7,4:3:1:3:3:1:4 - Series of 7 Vaccines,Portage
7749,55097,Portage,Immunization,2019,By age 24 months,71.4,4:3:1:3:3:1:4 - Series of 7 Vaccines,Portage
7901,55099,Price,Immunization,2013,By age 24 months,74.5,4:3:1:3:3:1:4 - Series of 7 Vaccines,Price
7902,55099,Price,Immunization,2014,By age 24 months,77.3,4:3:1:3:3:1:4 - Series of 7 Vaccines,Price
7903,55099,Price,Immunization,2015,By age 24 months,72.7,4:3:1:3:3:1:4 - Series of 7 Vaccines,Price
7904,55099,Price,Immunization,2016,By age 24 months,67.5,4:3:1:3:3:1:4 - Series of 7 Vaccines,Price
7905,55099,Price,Immunization,2017,By age 24 months,68.9,4:3:1:3:3:1:4 - Series of 7 Vaccines,Price
7906,55099,Price,Immunization,2018,By age 24 months,58.6,4:3:1:3:3:1:4 - Series of 7 Vaccines,Price
7907,55099,Price,Immunization,2019,By age 24 months,74.1,4:3:1:3:3:1:4 - Series of 7 Vaccines,Price
8059,55101,Racine,Immunization,2013,By age 24 months,71.5,4:3:1:3:3:1:4 - Series of 7 Vaccines,Racine
8060,55101,Racine,Immunization,2014,By age 24 months,72.3,4:3:1:3:3:1:4 - Series of 7 Vaccines,Racine
8061,55101,Racine,Immunization,2015,By age 24 months,74.2,4:3:1:3:3:1:4 - Series of 7 Vaccines,Racine
8062,55101,Racine,Immunization,2016,By age 24 months,73.8,4:3:1:3:3:1:4 - Series of 7 Vaccines,Racine
8063,55101,Racine,Immunization,2017,By age 24 months,72.2,4:3:1:3:3:1:4 - Series of 7 Vaccines,Racine
8064,55101,Racine,Immunization,2018,By age 24 months,73,4:3:1:3:3:1:4 - Series of 7 Vaccines,Racine
8065,55101,Racine,Immunization,2019,By age 24 months,71.4,4:3:1:3:3:1:4 - Series of 7 Vaccines,Racine
8217,55103,Richland,Immunization,2013,By age 24 months,60.1,4:3:1:3:3:1:4 - Series of 7 Vaccines,Richland
8218,55103,Richland,Immunization,2014,By age 24 months,58.5,4:3:1:3:3:1:4 - Series of 7 Vaccines,Richland
8219,55103,Richland,Immunization,2015,By age 24 months,61,4:3:1:3:3:1:4 - Series of 7 Vaccines,Richland
8220,55103,Richland,Immunization,2016,By age 24 months,62.8,4:3:1:3:3:1:4 - Series of 7 Vaccines,Richland
8221,55103,Richland,Immunization,2017,By age 24 months,61.8,4:3:1:3:3:1:4 - Series of 7 Vaccines,Richland
8222,55103,Richland,Immunization,2018,By age 24 months,62.2,4:3:1:3:3:1:4 - Series of 7 Vaccines,Richland
8223,55103,Richland,Immunization,2019,By age 24 months,61.5,4:3:1:3:3:1:4 - Series of 7 Vaccines,Richland
8375,55105,Rock,Immunization,2013,By age 24 months,65.6,4:3:1:3:3:1:4 - Series of 7 Vaccines,Rock
8376,55105,Rock,Immunization,2014,By age 24 months,65.5,4:3:1:3:3:1:4 - Series of 7 Vaccines,Rock
8377,55105,Rock,Immunization,2015,By age 24 months,66.6,4:3:1:3:3:1:4 - Series of 7 Vaccines,Rock
8378,55105,Rock,Immunization,2016,By age 24 months,66.1,4:3:1:3:3:1:4 - Series of 7 Vaccines,Rock
8379,55105,Rock,Immunization,2017,By age 24 months,64.1,4:3:1:3:3:1:4 - Series of 7 Vaccines,Rock
8380,55105,Rock,Immunization,2018,By age 24 months,65.6,4:3:1:3:3:1:4 - Series of 7 Vaccines,Rock
8381,55105,Rock,Immunization,2019,By age 24 months,65.3,4:3:1:3:3:1:4 - Series of 7 Vaccines,Rock
8533,55107,Rusk,Immunization,2013,By age 24 months,64.5,4:3:1:3:3:1:4 - Series of 7 Vaccines,Rusk
8534,55107,Rusk,Immunization,2014,By age 24 months,57.7,4:3:1:3:3:1:4 - Series of 7 Vaccines,Rusk
8535,55107,Rusk,Immunization,2015,By age 24 months,72.1,4:3:1:3:3:1:4 - Series of 7 Vaccines,Rusk
8536,55107,Rusk,Immunization,2016,By age 24 months,64.3,4:3:1:3:3:1:4 - Series of 7 Vaccines,Rusk
8537,55107,Rusk,Immunization,2017,By age 24 months,62.7,4:3:1:3:3:1:4 - Series of 7 Vaccines,Rusk
8538,55107,Rusk,Immunization,2018,By age 24 months,63.9,4:3:1:3:3:1:4 - Series of 7 Vaccines,Rusk
8539,55107,Rusk,Immunization,2019,By age 24 months,62,4:3:1:3:3:1:4 - Series of 7 Vaccines,Rusk
8691,55109,Saint Croix,Immunization,2013,By age 24 months,62.6,4:3:1:3:3:1:4 - Series of 7 Vaccines,Saint Croix
8692,55109,Saint Croix,Immunization,2014,By age 24 months,63,4:3:1:3:3:1:4 - Series of 7 Vaccines,Saint Croix
8693,55109,Saint Croix,Immunization,2015,By age 24 months,61.7,4:3:1:3:3:1:4 - Series of 7 Vaccines,Saint Croix
8694,55109,Saint Croix,Immunization,2016,By age 24 months,67.2,4:3:1:3:3:1:4 - Series of 7 Vaccines,Saint Croix
8695,55109,Saint Croix,Immunization,2017,By age 24 months,65.3,4:3:1:3:3:1:4 - Series of 7 Vaccines,Saint Croix
8696,55109,Saint Croix,Immunization,2018,By age 24 months,64.3,4:3:1:3:3:1:4 - Series of 7 Vaccines,Saint Croix
8697,55109,Saint Croix,Immunization,2019,By age 24 months,67.1,4:3:1:3:3:1:4 - Series of 7 Vaccines,Saint Croix
8849,55111,Sauk,Immunization,2013,By age 24 months,68.4,4:3:1:3:3:1:4 - Series of 7 Vaccines,Sauk
8850,55111,Sauk,Immunization,2014,By age 24 months,62.5,4:3:1:3:3:1:4 - Series of 7 Vaccines,Sauk
8851,55111,Sauk,Immunization,2015,By age 24 months,59,4:3:1:3:3:1:4 - Series of 7 Vaccines,Sauk
8852,55111,Sauk,Immunization,2016,By age 24 months,65.7,4:3:1:3:3:1:4 - Series of 7 Vaccines,Sauk
8853,55111,Sauk,Immunization,2017,By age 24 months,64.5,4:3:1:3:3:1:4 - Series of 7 Vaccines,Sauk
8854,55111,Sauk,Immunization,2018,By age 24 months,65.6,4:3:1:3:3:1:4 - Series of 7 Vaccines,Sauk
8855,55111,Sauk,Immunization,2019,By age 24 months,67.7,4:3:1:3:3:1:4 - Series of 7 Vaccines,Sauk
9007,55113,Sawyer,Immunization,2013,By age 24 months,76.5,4:3:1:3:3:1:4 - Series of 7 Vaccines,Sawyer
9008,55113,Sawyer,Immunization,2014,By age 24 months,73.2,4:3:1:3:3:1:4 - Series of 7 Vaccines,Sawyer
9009,55113,Sawyer,Immunization,2015,By age 24 months,75,4:3:1:3:3:1:4 - Series of 7 Vaccines,Sawyer
9010,55113,Sawyer,Immunization,2016,By age 24 months,66.7,4:3:1:3:3:1:4 - Series of 7 Vaccines,Sawyer
9011,55113,Sawyer,Immunization,2017,By age 24 months,73.2,4:3:1:3:3:1:4 - Series of 7 Vaccines,Sawyer
9012,55113,Sawyer,Immunization,2018,By age 24 months,66.7,4:3:1:3:3:1:4 - Series of 7 Vaccines,Sawyer
9013,55113,Sawyer,Immunization,2019,By age 24 months,64.4,4:3:1:3:3:1:4 - Series of 7 Vaccines,Sawyer
9165,55115,Shawano,Immunization,2013,By age 24 months,72.7,4:3:1:3:3:1:4 - Series of 7 Vaccines,Shawano
9166,55115,Shawano,Immunization,2014,By age 24 months,75.8,4:3:1:3:3:1:4 - Series of 7 Vaccines,Shawano
9167,55115,Shawano,Immunization,2015,By age 24 months,70.3,4:3:1:3:3:1:4 - Series of 7 Vaccines,Shawano
9168,55115,Shawano,Immunization,2016,By age 24 months,69.5,4:3:1:3:3:1:4 - Series of 7 Vaccines,Shawano
9169,55115,Shawano,Immunization,2017,By age 24 months,67.9,4:3:1:3:3:1:4 - Series of 7 Vaccines,Shawano
9170,55115,Shawano,Immunization,2018,By age 24 months,64.3,4:3:1:3:3:1:4 - Series of 7 Vaccines,Shawano
9171,55115,Shawano,Immunization,2019,By age 24 months,67.3,4:3:1:3:3:1:4 - Series of 7 Vaccines,Shawano
9323,55117,Sheboygan,Immunization,2013,By age 24 months,82.8,4:3:1:3:3:1:4 - Series of 7 Vaccines,Sheboygan
9324,55117,Sheboygan,Immunization,2014,By age 24 months,79.9,4:3:1:3:3:1:4 - Series of 7 Vaccines,Sheboygan
9325,55117,Sheboygan,Immunization,2015,By age 24 months,80.3,4:3:1:3:3:1:4 - Series of 7 Vaccines,Sheboygan
9326,55117,Sheboygan,Immunization,2016,By age 24 months,78.5,4:3:1:3:3:1:4 - Series of 7 Vaccines,Sheboygan
9327,55117,Sheboygan,Immunization,2017,By age 24 months,81.4,4:3:1:3:3:1:4 - Series of 7 Vaccines,Sheboygan
9328,55117,Sheboygan,Immunization,2018,By age 24 months,79.7,4:3:1:3:3:1:4 - Series of 7 Vaccines,Sheboygan
9329,55117,Sheboygan,Immunization,2019,By age 24 months,81.4,4:3:1:3:3:1:4 - Series of 7 Vaccines,Sheboygan
9481,55119,Taylor,Immunization,2013,By age 24 months,68.1,4:3:1:3:3:1:4 - Series of 7 Vaccines,Taylor
9482,55119,Taylor,Immunization,2014,By age 24 months,55.5,4:3:1:3:3:1:4 - Series of 7 Vaccines,Taylor
9483,55119,Taylor,Immunization,2015,By age 24 months,62.3,4:3:1:3:3:1:4 - Series of 7 Vaccines,Taylor
9484,55119,Taylor,Immunization,2016,By age 24 months,54.5,4:3:1:3:3:1:4 - Series of 7 Vaccines,Taylor
9485,55119,Taylor,Immunization,2017,By age 24 months,59,4:3:1:3:3:1:4 - Series of 7 Vaccines,Taylor
9486,55119,Taylor,Immunization,2018,By age 24 months,55.9,4:3:1:3:3:1:4 - Series of 7 Vaccines,Taylor
9487,55119,Taylor,Immunization,2019,By age 24 months,62.4,4:3:1:3:3:1:4 - Series of 7 Vaccines,Taylor
9639,55121,Trempealeau,Immunization,2013,By age 24 months,70.9,4:3:1:3:3:1:4 - Series of 7 Vaccines,Trempealeau
9640,55121,Trempealeau,Immunization,2014,By age 24 months,71.9,4:3:1:3:3:1:4 - Series of 7 Vaccines,Trempealeau
9641,55121,Trempealeau,Immunization,2015,By age 24 months,72.6,4:3:1:3:3:1:4 - Series of 7 Vaccines,Trempealeau
9642,55121,Trempealeau,Immunization,2016,By age 24 months,71.7,4:3:1:3:3:1:4 - Series of 7 Vaccines,Trempealeau
9643,55121,Trempealeau,Immunization,2017,By age 24 months,73.6,4:3:1:3:3:1:4 - Series of 7 Vaccines,Trempealeau
9644,55121,Trempealeau,Immunization,2018,By age 24 months,71.9,4:3:1:3:3:1:4 - Series of 7 Vaccines,Trempealeau
9645,55121,Trempealeau,Immunization,2019,By age 24 months,76.4,4:3:1:3:3:1:4 - Series of 7 Vaccines,Trempealeau
9797,55123,Vernon,Immunization,2013,By age 24 months,42.9,4:3:1:3:3:1:4 - Series of 7 Vaccines,Vernon
9798,55123,Vernon,Immunization,2014,By age 24 months,44.2,4:3:1:3:3:1:4 - Series of 7 Vaccines,Vernon
9799,55123,Vernon,Immunization,2015,By age 24 months,43.3,4:3:1:3:3:1:4 - Series of 7 Vaccines,Vernon
9800,55123,Vernon,Immunization,2016,By age 24 months,44.9,4:3:1:3:3:1:4 - Series of 7 Vaccines,Vernon
9801,55123,Vernon,Immunization,2017,By age 24 months,44.6,4:3:1:3:3:1:4 - Series of 7 Vaccines,Vernon
9802,55123,Vernon,Immunization,2018,By age 24 months,48.5,4:3:1:3:3:1:4 - Series of 7 Vaccines,Vernon
9803,55123,Vernon,Immunization,2019,By age 24 months,44.7,4:3:1:3:3:1:4 - Series of 7 Vaccines,Vernon
9955,55125,Vilas,Immunization,2013,By age 24 months,68.8,4:3:1:3:3:1:4 - Series of 7 Vaccines,Vilas
9956,55125,Vilas,Immunization,2014,By age 24 months,70.1,4:3:1:3:3:1:4 - Series of 7 Vaccines,Vilas
9957,55125,Vilas,Immunization,2015,By age 24 months,67.8,4:3:1:3:3:1:4 - Series of 7 Vaccines,Vilas
9958,55125,Vilas,Immunization,2016,By age 24 months,61.6,4:3:1:3:3:1:4 - Series of 7 Vaccines,Vilas
9959,55125,Vilas,Immunization,2017,By age 24 months,68.3,4:3:1:3:3:1:4 - Series of 7 Vaccines,Vilas
9960,55125,Vilas,Immunization,2018,By age 24 months,67.5,4:3:1:3:3:1:4 - Series of 7 Vaccines,Vilas
9961,55125,Vilas,Immunization,2019,By age 24 months,63.6,4:3:1:3:3:1:4 - Series of 7 Vaccines,Vilas
10113,55127,Walworth,Immunization,2013,By age 24 months,70.3,4:3:1:3:3:1:4 - Series of 7 Vaccines,Walworth
10114,55127,Walworth,Immunization,2014,By age 24 months,69.3,4:3:1:3:3:1:4 - Series of 7 Vaccines,Walworth
10115,55127,Walworth,Immunization,2015,By age 24 months,71.4,4:3:1:3:3:1:4 - Series of 7 Vaccines,Walworth
10116,55127,Walworth,Immunization,2016,By age 24 months,71.6,4:3:1:3:3:1:4 - Series of 7 Vaccines,Walworth
10117,55127,Walworth,Immunization,2017,By age 24 months,70.7,4:3:1:3:3:1:4 - Series of 7 Vaccines,Walworth
10118,55127,Walworth,Immunization,2018,By age 24 months,69.7,4:3:1:3:3:1:4 - Series of 7 Vaccines,Walworth
10119,55127,Walworth,Immunization,2019,By age 24 months,72.6,4:3:1:3:3:1:4 - Series of 7 Vaccines,Walworth
10271,55129,Washburn,Immunization,2013,By age 24 months,73.7,4:3:1:3:3:1:4 - Series of 7 Vaccines,Washburn
10272,55129,Washburn,Immunization,2014,By age 24 months,62.2,4:3:1:3:3:1:4 - Series of 7 Vaccines,Washburn
10273,55129,Washburn,Immunization,2015,By age 24 months,67.7,4:3:1:3:3:1:4 - Series of 7 Vaccines,Washburn
10274,55129,Washburn,Immunization,2016,By age 24 months,69.9,4:3:1:3:3:1:4 - Series of 7 Vaccines,Washburn
10275,55129,Washburn,Immunization,2017,By age 24 months,75.6,4:3:1:3:3:1:4 - Series of 7 Vaccines,Washburn
10276,55129,Washburn,Immunization,2018,By age 24 months,65,4:3:1:3:3:1:4 - Series of 7 Vaccines,Washburn
10277,55129,Washburn,Immunization,2019,By age 24 months,66.1,4:3:1:3:3:1:4 - Series of 7 Vaccines,Washburn
10429,55131,Washington,Immunization,2013,By age 24 months,76.6,4:3:1:3:3:1:4 - Series of 7 Vaccines,Washington
10430,55131,Washington,Immunization,2014,By age 24 months,76,4:3:1:3:3:1:4 - Series of 7 Vaccines,Washington
10431,55131,Washington,Immunization,2015,By age 24 months,77.5,4:3:1:3:3:1:4 - Series of 7 Vaccines,Washington
10432,55131,Washington,Immunization,2016,By age 24 months,78,4:3:1:3:3:1:4 - Series of 7 Vaccines,Washington
10433,55131,Washington,Immunization,2017,By age 24 months,77.6,4:3:1:3:3:1:4 - Series of 7 Vaccines,Washington
10434,55131,Washington,Immunization,2018,By age 24 months,77.2,4:3:1:3:3:1:4 - Series of 7 Vaccines,Washington
10435,55131,Washington,Immunization,2019,By age 24 months,77.1,4:3:1:3:3:1:4 - Series of 7 Vaccines,Washington
10587,55133,Waukesha,Immunization,2013,By age 24 months,69.8,4:3:1:3:3:1:4 - Series of 7 Vaccines,Waukesha
10588,55133,Waukesha,Immunization,2014,By age 24 months,72.2,4:3:1:3:3:1:4 - Series of 7 Vaccines,Waukesha
10589,55133,Waukesha,Immunization,2015,By age 24 months,76.6,4:3:1:3:3:1:4 - Series of 7 Vaccines,Waukesha
10590,55133,Waukesha,Immunization,2016,By age 24 months,76.9,4:3:1:3:3:1:4 - Series of 7 Vaccines,Waukesha
10591,55133,Waukesha,Immunization,2017,By age 24 months,79.4,4:3:1:3:3:1:4 - Series of 7 Vaccines,Waukesha
10592,55133,Waukesha,Immunization,2018,By age 24 months,80.8,4:3:1:3:3:1:4 - Series of 7 Vaccines,Waukesha
10593,55133,Waukesha,Immunization,2019,By age 24 months,81.6,4:3:1:3:3:1:4 - Series of 7 Vaccines,Waukesha
10745,55135,Waupaca,Immunization,2013,By age 24 months,70.6,4:3:1:3:3:1:4 - Series of 7 Vaccines,Waupaca
10746,55135,Waupaca,Immunization,2014,By age 24 months,70,4:3:1:3:3:1:4 - Series of 7 Vaccines,Waupaca
10747,55135,Waupaca,Immunization,2015,By age 24 months,68.9,4:3:1:3:3:1:4 - Series of 7 Vaccines,Waupaca
10748,55135,Waupaca,Immunization,2016,By age 24 months,73.2,4:3:1:3:3:1:4 - Series of 7 Vaccines,Waupaca
10749,55135,Waupaca,Immunization,2017,By age 24 months,73,4:3:1:3:3:1:4 - Series of 7 Vaccines,Waupaca
10750,55135,Waupaca,Immunization,2018,By age 24 months,67.5,4:3:1:3:3:1:4 - Series of 7 Vaccines,Waupaca
10751,55135,Waupaca,Immunization,2019,By age 24 months,72.9,4:3:1:3:3:1:4 - Series of 7 Vaccines,Waupaca
10903,55137,Waushara,Immunization,2013,By age 24 months,60.3,4:3:1:3:3:1:4 - Series of 7 Vaccines,Waushara
10904,55137,Waushara,Immunization,2014,By age 24 months,65,4:3:1:3:3:1:4 - Series of 7 Vaccines,Waushara
10905,55137,Waushara,Immunization,2015,By age 24 months,63.6,4:3:1:3:3:1:4 - Series of 7 Vaccines,Waushara
10906,55137,Waushara,Immunization,2016,By age 24 months,65.9,4:3:1:3:3:1:4 - Series of 7 Vaccines,Waushara
10907,55137,Waushara,Immunization,2017,By age 24 months,54.7,4:3:1:3:3:1:4 - Series of 7 Vaccines,Waushara
10908,55137,Waushara,Immunization,2018,By age 24 months,58.2,4:3:1:3:3:1:4 - Series of 7 Vaccines,Waushara
10909,55137,Waushara,Immunization,2019,By age 24 months,65.1,4:3:1:3:3:1:4 - Series of 7 Vaccines,Waushara
11061,55139,Winnebago,Immunization,2013,By age 24 months,78.6,4:3:1:3:3:1:4 - Series of 7 Vaccines,Winnebago
11062,55139,Winnebago,Immunization,2014,By age 24 months,78.5,4:3:1:3:3:1:4 - Series of 7 Vaccines,Winnebago
11063,55139,Winnebago,Immunization,2015,By age 24 months,78.9,4:3:1:3:3:1:4 - Series of 7 Vaccines,Winnebago
11064,55139,Winnebago,Immunization,2016,By age 24 months,77.7,4:3:1:3:3:1:4 - Series of 7 Vaccines,Winnebago
11065,55139,Winnebago,Immunization,2017,By age 24 months,76.1,4:3:1:3:3:1:4 - Series of 7 Vaccines,Winnebago
11066,55139,Winnebago,Immunization,2018,By age 24 months,77.7,4:3:1:3:3:1:4 - Series of 7 Vaccines,Winnebago
11067,55139,Winnebago,Immunization,2019,By age 24 months,76.7,4:3:1:3:3:1:4 - Series of 7 Vaccines,Winnebago
11219,55141,Wood,Immunization,2013,By age 24 months,79.9,4:3:1:3:3:1:4 - Series of 7 Vaccines,Wood
11220,55141,Wood,Immunization,2014,By age 24 months,72.7,4:3:1:3:3:1:4 - Series of 7 Vaccines,Wood
11221,55141,Wood,Immunization,2015,By age 24 months,72.1,4:3:1:3:3:1:4 - Series of 7 Vaccines,Wood
11222,55141,Wood,Immunization,2016,By age 24 months,71.1,4:3:1:3:3:1:4 - Series of 7 Vaccines,Wood
11223,55141,Wood,Immunization,2017,By age 24 months,69.9,4:3:1:3:3:1:4 - Series of 7 Vaccines,Wood
11224,55141,Wood,Immunization,2018,By age 24 months,72.4,4:3:1:3:3:1:4 - Series of 7 Vaccines,Wood
11225,55141,Wood,Immunization,2019,By age 24 months,69.2,4:3:1:3:3:1:4 - Series of 7 Vaccines,Wood